Unnamed: 0,label_type,start_pos,end_pos,entities,originalText
0,"['试验要素', '试验要素', '试验要素', '性能指标', '试验要素', '试验要素', '系统组成', '试验要素', '系统组成', '性能指标', '任务场景', '性能指标', '性能指标']","[25, 44, 62, 71, 79, 85, 94, 109, 118, 147, 159, 182, 186]","[31, 52, 69, 71, 83, 92, 99, 116, 121, 150, 165, 183, 188]",f-35战斗机;f-35战斗机系统;f-35b战斗机;DELETE;f-35b;f-35c战斗机;空中受油头锥;f-35a战斗机;机炮射击;可靠性指;联合攻击战斗机;机队;可用率,"美国国防部作战试验鉴定局2017财年年度报告指出,f-35战斗机整体上存在诸多问题:一是f-35战斗机系统存在技术缺陷,包括f-35b战斗机轮胎性能低于需求,f-35b和f-35c战斗机的空中受油头锥破损过于频繁,以及f-35a战斗机的机炮射击精度仍有缺陷等;二是f-35项目技术成熟时的大部分可靠性指标都不太可能达到联合攻击战斗机《作战需求文件》的门槛需求;三是机队整体可用率偏低。"
1,"['试验要素', '性能指标', '性能指标', '系统组成', '系统组成', '系统组成', '性能指标']","[6, 34, 47, 60, 65, 75, 86]","[16, 35, 48, 62, 67, 78, 89]","""谢波德""亚轨道飞行器;高度;速度;乘员舱;降落伞;推进模块;垂直着陆","蓝源公司新型""谢波德""亚轨道飞行器试飞成功,试飞中,飞行器达到的最高高度近100千米,上升阶段速度达到马赫数2.94,在乘员舱利用降落伞下降的过程中,推进模块进行了有动力的垂直着陆,该飞行器在起飞10分6秒后降落,此次试飞是首次使用由美国联邦航空局于2017年8月发给蓝源公司的全面发射许可证进行的新型""谢波德""发射。"
2,"['任务场景', '试验要素', '试验要素', '试验要素', '试验要素', '试验要素', '试验要素', '系统组成', '试验要素', '任务场景', '任务场景']","[0, 16, 48, 64, 78, 95, 128, 137, 147, 157, 164]","[14, 31, 62, 76, 89, 103, 131, 143, 151, 160, 167]","""天基红外系统""(sbirs);新型地面系统block10增量2;""国防支援计划""(dsp)卫星;sbirs地球同步轨道卫星;sbirs大椭圆轨道载荷;预警卫星星座/载荷;操作控制;主要任务控制站;备份控制站;控制流程;运行效率","""天基红外系统""(sbirs)的新型地面系统block10增量2进入试验阶段,该系统可同时对包括""国防支援计划""(dsp)卫星,sbirs地球同步轨道卫星,sbirs大椭圆轨道载荷在内的全部预警卫星星座/载荷进行控制,block10增量2系统将sbirs的操作控制集成至一个主要任务控制站及一个备份控制站,大幅简化控制流程,提高运行效率。"
3,"['试验要素', '任务场景', '任务场景', '试验要素', '试验要素', '任务场景', '试验要素', '试验要素', '试验要素', '试验要素', '任务场景']","[4, 17, 20, 25, 39, 76, 81, 88, 99, 112, 134]","[13, 17, 20, 32, 44, 76, 82, 93, 104, 118, 140]","p-8a海上侦察飞机;DELETE;DELETE;""(lvc)环境;设备认证试验;DELETE;暗室;导航模拟设备;真实飞行试验;lvc环境试验;f-35战斗机","美国海军p-8a海上侦察飞机在""真实,虚拟,构造的""(lvc)环境下完成了一次设备认证试验,试验在帕图森特河海军航空站的暗室里进行,一架真实的p-8a飞机被放置在暗室中间,利用导航模拟设备模拟了类似真实飞行试验的场景,如果该lvc环境试验被证明可行,接下来美国海军包括f-35战斗机在内的许多飞机也将在该环境中进行相关试验。"
4,"['试验要素', '试验要素', '试验要素', '性能指标', '性能指标', '系统组成', '系统组成', '系统组成', '任务场景', '试验要素', '试验要素', '性能指标']","[9, 19, 43, 73, 89, 109, 114, 119, 143, 172, 193, 204]","[13, 25, 55, 76, 92, 112, 117, 122, 145, 175, 198, 207]","""追梦者"";航天运载飞行器;空中投放-滑翔着陆飞行试验;接地速度;滑行距离;气动性能;飞行软件;控制系统;货运型;9号风洞;高速风洞试验;气动性能","美国内达华山脉公司""追梦者""可重复使用航天运载飞行器在加利福尼亚州莫哈维沙漠成功完成了空中投放-滑翔着陆飞行试验,整个滑翔飞行时间约60秒,飞行器接地速度约305千米/小时,着陆滑行距离约1294米,此次飞行试验验证了气动性能,飞行软件和控制系统性能,并收集了相关数据用于完成""追梦者""货运型的最终设计,目前,""追梦者""同时在阿诺德工程发展中心9号风洞进行马赫数10和马赫数14条件下的高速风洞试验,以确认其气动性能。"
5,"['试验要素', '试验要素', '试验要素', '试验要素', '试验要素', '试验要素', '试验要素']","[40, 66, 86, 103, 108, 153, 182]","[57, 77, 92, 106, 114, 156, 183]",go1惰性试验件系留运载飞行试验项目;go1-ita空射型火箭;c-20a飞机;飞行测试;c-20a飞机;动力飞行;模型,"nasa和小型运载火箭开发商---时代轨道发射服务(go)公司日前已经合作完成了go1惰性试验件系留运载飞行试验项目,go公司开发了go1-ita空射型火箭已获得nasa的c-20a飞机的适航批准,针对此次飞行测试,c-20a飞机进行了适度修改,试飞总共进行了三次,成功完成了所有预定测试任务,go1的首次动力飞行预计于2019年进行,在此期间收集的数据将用于验证模型,并反馈至处于设计和研发阶段的go1项目。"
6,"['试验要素', '试验要素', '任务场景', '性能指标', '性能指标', '任务场景', '任务场景', '试验要素']","[22, 35, 60, 65, 77, 95, 99, 104]","[33, 38, 60, 68, 80, 97, 99, 107]","""烈火""-5洲际弹道导弹;发射试验;DELETE;飞行距离;飞行时间;""-5;DELETE;飞行试验","当地时间1月18日上午10时左右,印度进行了""烈火""-5洲际弹道导弹的发射试验,导弹从印度东边卡拉姆岛上的一个公路机动发射站发射,飞行距离约4800千米,飞行时间约19分钟,此次试验是""烈火""-5导弹的第5次飞行试验。"
7,"['任务场景', '试验要素', '任务场景', '任务场景', '任务场景', '任务场景']","[8, 15, 60, 66, 73, 78]","[11, 32, 63, 67, 74, 83]","火星任务;小型核动力系统""kilopower"";空间任务;能源;火星;行星表面任务","nasa表示,为火星任务设计的小型核动力系统""kilopower""首次试验取得成功,kilopower系统的目标是为未来空间任务提供能源,并可能为火星和其他行星表面任务提供能源,测试开始于2017年11月,在能源部的内华达州国家安全场开展,官方表示,系统的全面测试将于2018年3月进行。"
8,"['试验要素', '试验要素', '任务场景', '性能指标', '性能指标', '性能指标', '试验要素', '性能指标', '性能指标', '性能指标']","[26, 60, 63, 76, 81, 87, 108, 115, 118, 138]","[46, 61, 69, 79, 85, 90, 113, 116, 120, 142]",陆军作战人员信息网络战术(win-t)项目;作战;员信息网络战术;作战效能;作战适用性;生存能力;战术网络元素;大小;复杂性;作战适用性,"美国国防部作战试验鉴定局于2017年11月28日发布陆军作战人员信息网络战术(win-t)项目评估报告(全文37页),对作战人员信息网络战术的两个要素的作战效能,作战适用性和生存能力进行了评估,报告肯定了陆军为减少其战术网络元素的大小和复杂性所做的努力,指出win-t简版具备作战适用性,但依然存在种种限制。"
9,"['试验要素', '试验要素', '试验要素', '任务场景', '任务场景', '试验要素', '系统组成', '系统组成', '系统组成', '试验要素', '性能指标']","[15, 25, 48, 66, 79, 91, 96, 99, 103, 119, 184]","[19, 46, 51, 77, 81, 94, 97, 101, 105, 136, 187]","p5试车台;""火神""2.1(vulcain2.1)发动机;点火试验;""阿里安""-6火箭芯一级;主动力;飞行包线;推力;混合比;推进剂;""阿里安""-6上面级vinci发动机;点火能力","德国航空航天中心在拉帕德少森的p5试车台成功进行了""火神""2.1(vulcain2.1)发动机的点火试验。""火神""2.1发动机将作为""阿里安""-6火箭芯一级的主动力,""火神""2.1在飞行包线(推力,混合比和推进剂)内进行了测试。与此同时，""阿里安""-6上面级vinci发动机的合格认证计划正按照预定时间进行，在法国和德国的两个试车台上进行了130余次试验，其中包括数次点火能力演示验证。"
10,"['试验要素', '性能指标', '试验要素', '试验要素', '试验要素', '试验要素', '试验要素', '试验要素', '试验要素', '试验要素', '试验要素', '试验要素', '试验要素']","[23, 46, 66, 88, 99, 104, 123, 144, 149, 156, 162, 167, 172]","[30, 49, 66, 91, 102, 110, 130, 147, 154, 160, 165, 170, 176]",kc-46加油机;加油速度;DELETE;飞行补给;认证试验;规范符合性试验;kc-46加油机;f-16;f/a-18;av-8b;c-17;a-10;kc-10,"10月11日在位于西雅图南部的波音试验场，两架kc-46加油机相互间进行了加油，每分钟的最大加油速度约4542升，4个小时的飞行中,油量传输共计约17281千克。此次里程碑式的飞行补给有助于下一阶段认证试验和规范符合性试验的开展。截至目前，试验用kc-46加油机已完成2000飞行小时，对f-16、f/a-18、av-8b、c-17、a-10和kc-10实施了1300余次加油。"
11,"['试验要素', '试验要素', '试验要素', '性能指标', '性能指标', '性能指标']","[57, 87, 96, 111, 130, 137]","[71, 94, 107, 114, 135, 143]",现代化陆军战术导弹系统飞行试验;陆军战术导弹系统;高机动火箭炮系统发射装置;飞行距离;近距离传感器;定炸高起爆能力,"10月11日报道,洛克希德-马丁公司和美国陆军精确火力\火箭与导弹系统项目管理办公室联合在白沙导弹靶场再次成功进行现代化陆军战术导弹系统飞行试验，并完成所有试验内容。试验中，陆军战术导弹系统从高机动火箭炮系统发射装置发射,飞行距离近140千米,在目标区域验证了近距离传感器的定炸高起爆能力。"
12,"['试验要素', '试验要素', '任务场景', '任务场景', '试验要素', '任务场景', '任务场景', '任务场景']","[36, 52, 57, 84, 107, 131, 136, 147]","[46, 55, 62, 88, 112, 134, 144, 159]",国家网络靶场(ncr);例行维护;能力提升项目;网络战技术;能力提升项目;网络协议;卫星和射频通信系统;战术机动通信和海事通信系统,"洛克希德·马丁公司日前321宣布,该公司下属的导弹与火控系统分部将为美军国家网络靶场(ncr)进行一系列例行维护和能力提升项目,旨在使国家网络靶场具备试验和验证更先进的网络战技术的能力,据了解,洛克希德·马丁公司的能力提升项目完成后,国家网络靶场还将具备试验新的网络协议,卫星和射频通信系统以及战术机动通信和海事通信系统的能力。"
13,"['试验要素', '试验要素', '试验要素', '试验要素', '试验要素', '任务场景']","[15, 36, 54, 87, 101, 109]","[27, 45, 57, 95, 106, 113]",一体化防空反导作战指挥系统;tobinwells;研制试验;一体化作战指挥系统;指挥控制系统;营连级作战,"美国诺斯罗普.格鲁曼公司研发的一体化防空反导作战指挥系统在位于布利斯堡的tobinwells完成了一次重要的研制试验.此次测试由美国陆军士兵实施,在为期3周的士兵检验测试中,一体化作战指挥系统作为通用的指挥控制系统用于营连级作战。"
14,"['试验要素', '试验要素', '试验要素', '性能指标']","[8, 34, 52, 62]","[32, 41, 57, 67]",an/dvs-1海岸战场侦察与分析机载水雷探测系统;mq-8b无人机;数据测试飞行;初始作战能力,"美国海军一架装备an/dvs-1海岸战场侦察与分析机载水雷探测系统的mq-8b无人机在埃格林空军基地进行数据测试飞行,实现了初始作战能力。"
15,"['试验要素', '试验要素', '试验要素', '任务场景', '任务场景', '性能指标', '性能指标', '性能指标', '性能指标', '任务场景', '任务场景', '系统组成', '系统组成', '性能指标', '性能指标', '任务场景', '系统组成', '性能指标']","[6, 38, 51, 80, 85, 97, 104, 110, 117, 127, 147, 181, 188, 201, 211, 231, 251, 254]","[31, 49, 70, 80, 93, 98, 105, 115, 123, 145, 157, 186, 195, 206, 217, 248, 252, 257]","agm-84n""鱼叉""blockⅱ空射型反舰巡航导弹;""鱼叉""blockⅱ导弹;agm-84d""鱼叉""blockⅰc导弹;DELETE;空射型反舰巡航导弹;飞行;数据;海上移动目标;瞄准和打击能力;f/a-18e/f""超级大黄蜂""战斗机;p-8a""海神""反潜机;gps制导包;新型数据链路接口;目标选择性能;抗电子干扰能力;f/a-18e/f""超级大黄蜂""战机;软件;互操作性","2月美国海军agm-84n""鱼叉""blockⅱ空射型反舰巡航导弹完成实弹试验""鱼叉""blockⅱ导弹在agm-84d""鱼叉""blockⅰc导弹基础上研制,是一种网络使能的空射型反舰巡航导弹,能在飞行中接收更新数据,提升对海上移动目标的瞄准和打击能力,作为f/a-18e/f""超级大黄蜂""战斗机和p-8a""海神""反潜机的快速,增强型武器,""鱼叉""blockⅱ加装了gps制导包,新型数据链路接口等,提高了目标选择性能,增强了抗电子干扰能力,本次试验演示验证了与最新f/a-18e/f""超级大黄蜂""战机升级软件的互操作性。"
16,"['试验要素', '任务场景', '试验要素', '试验要素', '性能指标', '性能指标', '性能指标', '性能指标', '性能指标', '任务场景', '性能指标', '性能指标']","[18, 55, 64, 76, 97, 117, 123, 135, 142, 151, 154, 167]","[45, 58, 69, 81, 104, 117, 124, 136, 145, 152, 157, 170]","""thor-m2dt""型北极近程防空系统拦截巡航导弹试验;空军部队;模拟巡航导弹;电子主动干扰;极端气候环境试验;DELETE;环境;同时;空中目标;导弹;打击距离;打击高度","2月,俄罗斯在卡普斯丁亚尔试验场完成""thor-m2dt""型北极近程防空系统拦截巡航导弹试验,试验中,模拟敌方空军部队发射了两枚模拟巡航导弹,同时进行了电子主动干扰,目前,该防空系统正在北极进行极端气候环境试验,俄罗斯希望该系统能够在零下50℃的环境下正常使用,该系统能同时探测40个空中目标,有16枚导弹,打击距离最大12千米,最高打击高度10千米。"
17,"['试验要素', '性能指标', '系统组成']","[27, 51, 74]","[46, 54, 81]","""轻型战斗直升机""(技术演示验证机2号);飞行时间;自动飞行控制系统","2月2日,印度航空公司下属的战略电子研究设计中心完成了""轻型战斗直升机""(技术演示验证机2号)的首飞,飞行时间20分钟,直升机上安装有印度自己研发的自动飞行控制系统,2017年8月26日,轻型战斗直升机获得了初始运营许可。"
18,"['试验要素', '任务场景', '试验要素', '试验要素', '试验要素', '试验要素', '系统组成', '试验要素']","[48, 66, 71, 85, 107, 115, 133, 155]","[53, 67, 76, 93, 110, 118, 141, 158]","""僚机项目"";士兵;自主驾驶系统;高机动多用途轮式车;自主车辆;有人车辆;车载762毫米机枪;陆军士兵","2月,在美军联合能力技术演示验证计划支持下,美国陆军的坦克汽车研发与工程中心承担了一个为期3年的""僚机项目"",其目的是开发出两套可由士兵控制的自主驾驶系统,并且安装在两辆高机动多用途轮式车上,在演示验证过程中,一辆自主车辆在另一辆有人车辆的控制下自主驾驶,并自主使用车载762毫米机枪打击了目标,整个过程由5名陆军士兵操作进行。"
19,"['试验要素', '试验要素', '试验要素', '系统组成', '系统组成', '系统组成', '系统组成', '试验要素', '试验要素', '试验要素', '试验要素', '任务场景']","[3, 18, 35, 60, 70, 80, 83, 101, 106, 116, 131, 167]","[15, 19, 39, 68, 78, 81, 85, 104, 109, 121, 134, 173]","""米格""-35多用途战斗机;工厂;适航性认证;机载无线电电子装备;观测和导航综合设施;雷达;发动机;作战包线;作战效率;战斗应用情况;部队试验;俄罗斯空军部队","俄罗斯""米格""-35多用途战斗机完成工厂试验,于2017年12月颁发了适航性认证,试验持续了2017年一整年,重点是验证机载无线电电子装备,观测和导航综合设施,雷达和发动机等系统,同时也测试了相关任务的作战包线,作战效率以及探索一些战斗应用情况,后续该飞机将进行部队试验,俄罗斯国家军备计划要求,""米格""-35战斗机将于2020年装备俄罗斯空军部队。"
20,"['试验要素', '性能指标', '任务场景', '试验要素', '任务场景', '任务场景', '任务场景', '任务场景', '任务场景']","[25, 39, 44, 55, 71, 76, 91, 95, 99]","[26, 42, 46, 58, 74, 78, 93, 97, 100]",弹药;穿透能力;俄罗斯;坦克炮弹;主战坦克;装甲车;t90;t72;坦克,"印度国防研究与发展组织下属的弹药研发公司自主研制的弹药经过10天的试验,证明其穿透能力与俄罗斯和北约出口印度的坦克炮弹能力相当,印度表示,印度主战坦克和装甲车今后将大量采购该型弹药,t90,t72等坦克都可以使用该弹药,印度陆军于2017年6月已经给出了10万枚该弹药的合同。"
21,"['任务场景', '试验要素', '任务场景', '试验要素', '试验要素', '任务场景', '系统组成', '系统组成', '试验要素', '性能指标', '试验要素', '性能指标', '试验要素', '任务场景']","[1, 93, 105, 111, 119, 134, 141, 144, 149, 159, 165, 176, 179, 190]","[9, 99, 107, 115, 121, 137, 142, 146, 155, 162, 168, 176, 181, 193]",式货物运送系统试验;c-17运输机;空降区;6轮小推车;集装箱;地面部队;弹药;补给品;c-17运输机;低空状态;战术条令;DELETE;小推车;地面部队,"轮式货物运送系统试验由陆军作战试验司令部空降与特种作战试验分部组织,第82空降师第2战斗旅第325空降步兵团2营a连操作,陆军高级空降兵学校负责战术和条令的高级专家负责指挥,作战试验中,c-17运输机飞行至指定空降区,每个6轮小推车上按照集装箱的样子装载约230千克为地面部队准备的弹药和补给品,从c-17运输机上,在低空状态下按战术条令直接推出,装载货物的小推车,掉到地面后,由地面部队负责回收。"
22,"['试验要素', '试验要素', '试验要素', '任务场景', '任务场景']","[41, 64, 115, 129, 138]","[48, 69, 124, 132, 141]",高超声速风洞设施;高超声速试验;高超声速武器飞行试验;作战原型;进攻能力,"dapra局长史蒂文·沃克在华盛顿与国防领域媒体的见面会上表示,美国目前没有足够的高超声速风洞设施来满足未来几年内将要开展的大量高超声速试验要求,为此,在2019财年预算申请中,darpa申请了巨额预算资金,旨在于2019财年启动高超声速武器飞行试验,以及为作战原型研发更多的进攻能力。"
23,"['任务场景', '任务场景', '性能指标', '试验要素', '任务场景', '任务场景', '试验要素', '任务场景', '任务场景', '任务场景', '任务场景', '任务场景', '任务场景', '任务场景', '任务场景']","[7, 10, 27, 33, 46, 57, 75, 96, 101, 110, 125, 131, 149, 157, 171]","[8, 16, 29, 36, 53, 62, 82, 99, 102, 120, 129, 134, 150, 163, 174]",美军;家太空防御中心;全天候;作战中心;美国关键太空资产;美国太空能力;国家太空防御中心;太空领域;信息;国家安全空间企业级体系;新兴和先进;太空威胁;美军;美国及联合作战;太空领域,"从1月8日起,美军国家太空防御中心从试验性机构正式转为全天候运行的作战中心,致力于保护和防卫美国关键太空资产,随着美国太空能力面临的潜在威胁日益增长,国家太空防御中心的全天候运行将通过促进整个太空领域的信息共享,帮助确保国家安全空间企业级体系挫败任何新兴和先进的太空威胁,最终,这一转变将进一步增强美军保护和防卫对美国及联合作战人员至关重要的太空领域的能力。"
24,"['系统组成', '试验要素', '试验要素', '任务场景', '任务场景', '性能指标', '系统组成', '系统组成']","[15, 22, 68, 122, 128, 152, 166, 172]","[17, 27, 84, 124, 133, 153, 168, 181]","核弹头;洲际弹道导弹;rs-28""萨尔玛特""洲际弹道导弹;服役期;""撒旦""导弹;质量;核弹头;高超声速助推滑翔弹头","俄罗斯已第二次成功试射了可携带核弹头的最先进洲际弹道导弹,俄罗斯国防部发布了一段视频,展示了在俄罗斯西北部普列谢茨克航天发射场发射了一枚rs-28""萨尔玛特""洲际弹道导弹的情况,该基地靠近北极圈,该型导弹首次试射是2017年12月,该导弹将取代服役期将尽的""撒旦""导弹,第五代重型洲际弹道导弹""萨尔玛特""质量超过200吨,可携带多种核弹头,包括高超声速助推滑翔弹头。"
25,"['试验要素', '试验要素', '系统组成', '任务场景', '任务场景', '任务场景', '任务场景', '任务场景']","[13, 37, 64, 77, 90, 94, 97, 101]","[26, 50, 69, 86, 92, 95, 99, 104]","""杜香""新型防空导弹系统试验;""杜香""新型近程防空导弹系统;激光制导系统;DELETE;无人机;飞机;直升机;巡航导弹","高精确系统有限公司已完成了""杜香""新型防空导弹系统试验,即将进入列装阶段,""杜香""新型近程防空导弹系统已研发10余年,具备最新型激光制导系统,主要用于打击高精确,低空飞行目标,包括无人机,飞机,直升机和巡航导弹等。"
26,"['试验要素', '试验要素', '任务场景', '试验要素', '试验要素', '试验要素', '任务场景', '试验要素', '试验要素', '任务场景', '性能指标']","[7, 22, 27, 46, 55, 67, 73, 80, 95, 100, 122]","[15, 25, 38, 51, 63, 71, 75, 91, 98, 111, 125]","""林肯""号航空母舰;远程控制;DELETE;航空飞行甲板;""林肯""号航空母舰;资格认证和;行试验;飞机末端近远程感应器系统;远程控制;DELETE;触舰复飞","美国海军军官在""林肯""号航空母舰上首次演示了远程控制f/a-18""超级大黄蜂"",并将其降落在航空飞行甲板上,在""林肯""号航空母舰上进行资格认证和飞行试验时,使用飞机末端近远程感应器系统演示了远程控制f/a-18""超级大黄蜂"",还利用该系统演示了触舰复飞。"
27,"['任务场景', '任务场景', '试验要素', '试验要素', '任务场景', '试验要素', '试验要素']","[3, 5, 18, 42, 52, 58, 73]","[3, 8, 21, 43, 56, 61, 76]",DELETE;坦克导弹;打靶试验;坦克;反坦克导弹;研制试验;部队试验,"印度国产反坦克导弹于2月28日进行了打靶试验,试验在沙漠中进行,该导弹成功摧毁了两辆坦克,至此,印度国产反坦克导弹的研制试验全部完成,接下来将进入部队试验阶段。"
28,"['试验要素', '试验要素', '试验要素', '试验要素']","[13, 29, 44, 47]","[27, 32, 45, 50]",打击目标再入飞行器(mirv);弹道导弹;设计;技术参数,"巴基斯坦试射了一枚具有多个打击目标再入飞行器(mirv)的弹道导弹,试射的目的是验证各种设计和技术参数。"
29,"['试验要素', '试验要素', '试验要素', '任务场景', '任务场景', '试验要素', '试验要素', '性能指标']","[12, 38, 52, 71, 106, 110, 118, 130]","[28, 41, 67, 72, 107, 115, 121, 131]","kh-47m2""匕首""高超声速导弹;发射平台;""米格""-31bm双座远程截击机;地点;飞机;""匕首""导弹;预设阵位;准确","多家俄罗斯国内媒体发布了kh-47m2""匕首""高超声速导弹的试射视频,该导弹发射平台为俄罗斯空天军的1架""米格""-31bm双座远程截击机,试验地点位于俄罗斯的西南部地区,俄罗斯空天军在新闻简报中称,""米格""-31飞机携带""匕首""导弹飞抵预设阵位后成功发射,导弹准确命中既定区域的目标。"
30,"['任务场景', '试验要素', '任务场景', '任务场景', '任务场景', '任务场景', '任务场景', '试验要素', '任务场景', '任务场景']","[34, 43, 51, 61, 81, 86, 89, 94, 103, 113]","[36, 46, 51, 61, 84, 86, 92, 99, 106, 118]",海军学;网络演习;DELETE;DELETE;军种学院;DELETE;海军中校;网络防御技能;军校学员;网络作战挑战,"3月19日至21日美国国家安全局(nsa)在马里兰州安纳波利斯的美国海军学院举行了首届网络演习,美国海军学院成为首届网络演习的获胜者,nsa网络演习旨在测试美国各军种学院的学员和海军中校的网络防御技能,确保军校学员能够应对各种网络作战挑战。"
31,"['试验要素', '试验要素', '试验要素', '试验要素', '性能指标', '性能指标', '性能指标', '性能指标', '性能指标', '性能指标']","[2, 31, 57, 106, 131, 136, 147, 156, 162, 172]","[17, 34, 63, 119, 133, 139, 154, 160, 166, 176]",agm-158c远程反舰巡航导弹;飞行试验;b-1b轰炸机;agm-158c远程反舰导弹;舰队群;特定目标;情报监视侦查平台;网络数据链;gps导航;电子战环境,"美军agm-158c远程反舰巡航导弹在穆古角海上靶场完成第6次飞行试验,美国空军第337试验中队负责试验,试验中,b-1b轰炸机从得克萨斯州的dyess空军基地起飞,在加利福尼亚州的穆古角海上靶场发射了一枚生产型agm-158c远程反舰导弹,该导弹能够探测和打击舰队群中的特定目标,并且较少依赖情报监视侦查平台,网络数据链和gps导航等,能够在电子战环境下作战。"
32,"['试验要素', '试验要素', '试验要素', '试验要素', '试验要素', '试验要素', '性能指标']","[6, 22, 71, 80, 101, 108, 116]","[16, 25, 75, 84, 103, 110, 122]","""斯特赖克""轮式装甲车;激光武器;光纤激光器;小型无人机;无人机;激光器;低空近距离范围","美国陆军利用""斯特赖克""轮式装甲车演示验证了激光武器,试验在德国grafenwoehr训练基地进行,时间是3月17日至18日两天,采用了5千瓦光纤激光器,击落了小型无人机,试验中,有大约12架现货采购的无人机被击落,激光器打击区域在低空近距离范围内,美国陆军欧洲司令部负责战略项目的陆军上校表示,这与实际应用差距还比较大。"
33,"['性能指标', '任务场景', '任务场景', '任务场景', '系统组成', '试验要素', '试验要素', '任务场景', '性能指标', '性能指标', '性能指标']","[14, 23, 28, 33, 39, 97, 101, 110, 115, 119, 122]","[17, 24, 29, 37, 42, 99, 102, 112, 117, 120, 124]",战斗经验;人口;市区;高科技武器;通信系统;新技术;原型;城市战;杀伤力;效率;敏捷性,"美国海军陆战队认为未来将遭遇战斗经验丰富,藏身人口稠密的市区并配备高科技武器和通信系统的对手,并谋划应对这种威胁,从3月15日至25日,海军陆战队一个步兵连进驻加利福尼亚州彭德尔顿营测试了几十种新技术和原型,以提高自身在城市战中的杀伤力,效率和敏捷性。"
34,"['试验要素', '任务场景', '试验要素']","[13, 53, 111]","[24, 56, 121]","""巨型钻地弹""(mop);常规炸弹;""巨型钻地弹""空投试验","美国空军2017年完成了对""巨型钻地弹""(mop)的第四轮升级工作,根据最新报告显示,这种美军历史上最大的常规炸弹已经被确立为正式的列编项目列入采购清单,2017年5月,美国空军在位于新墨西哥州的白沙导弹靶场先后进行了三次""巨型钻地弹""空投试验,所有试验均取得成功,8月,该弹正式成为空军列编意向采购项目。"
35,"['试验要素', '试验要素', '试验要素', '试验要素']","[29, 49, 77, 110]","[43, 56, 82, 120]",下一代全球爆炸探测器(gbd);太空核爆炸传感器;卫星生产设施;有效载荷和发射处理设施,"美国国家核安全管理局(nnsa)表示,将很快向美国空军交付下一代全球爆炸探测器(gbd),即最新的太空核爆炸传感器,全球爆炸探测器交付美国空军后,将继续在卫星生产设施进行集成和测试,然后运送到佛罗里达州卡纳维拉尔角附近的有效载荷和发射处理设施。"
36,"['试验要素', '试验要素', '试验要素', '试验要素', '试验要素', '任务场景', '性能指标', '性能指标']","[18, 39, 63, 83, 92, 95, 113, 132]","[30, 42, 66, 84, 93, 98, 119, 133]","""巴布尔""-3潜射巡航导弹;飞行试验;水下平台;目标;所有;DELETE;水下动态平台"";射程","3月下旬,巴基斯坦宣布对具有核能力的""巴布尔""-3潜射巡航导弹成功进行了第二次飞行试验,导弹是在位于阿拉伯海巴基斯坦海岸外一个水下平台上试验的,并击中了一个秘密地点的目标,该试验满足""所有飞行参数"",此次发布将发射平台描述为""水下动态平台"",据称,""巴布尔""-3的射程为450千米,第一次试验是在2017年1月。"
37,"['性能指标', '试验要素', '试验要素']","[5, 54, 68]","[8, 61, 84]","成军速度;""(lvc)环境;p-8a""海神""反潜巡逻机任务系统","为了提高""成军速度"",美国海军空战中心飞机分部(nawcad)的试验和评估团队,通过创建""真实,虚拟,构造的""(lvc)环境,成功完成了p-8a""海神""反潜巡逻机任务系统的试验和评估。"
38,"['任务场景', '试验要素', '性能指标']","[44, 89, 131]","[52, 97, 134]",下一代导弹预警系统;下一代导弹预警卫星;太空系统,"美国空军部长希瑟·威尔逊于4月17日宣布将重组空军位于洛杉矶的太空与导弹系统中心,为加快下一代导弹预警系统采办铺平道路,威尔逊在科罗拉多州科泉市举办的太空研讨会上表示,空军计划将下一代导弹预警卫星的研制时间减少4年,即5年完成该项目,以演示验证空军更快开发和部署太空系统的能力。"
39,"['试验要素', '试验要素', '任务场景', '性能指标', '性能指标', '性能指标', '性能指标', '性能指标', '性能指标', '性能指标', '性能指标']","[14, 34, 42, 46, 83, 88, 98, 103, 117, 125, 134]","[32, 37, 43, 53, 85, 92, 99, 105, 120, 130, 137]",gbu-53/小直径炸弹ⅱ(sdbⅱ);研制试验;网络;精确制导滑翔弹药;数据链;第三方控制;诱饵;真目标;作战模式;恶劣气候条件;机动目标,"雷声公司导弹系统已完成一系列gbu-53/小直径炸弹ⅱ(sdbⅱ)的研制试验,该弹为网络使能精确制导滑翔弹药,在一系列的开发试验中,共测试了44枚sdbⅱ,验证了通过数据链实现第三方控制的能力和从诱饵中识别真目标的能力,试验涵盖了所有作战模式,包括在恶劣气候条件下打击机动目标。"
40,"['试验要素', '试验要素', '试验要素', '任务场景', '任务场景', '任务场景']","[3, 80, 85, 98, 114, 120]","[16, 82, 88, 98, 118, 123]",vrt300旋翼无人机主系统;原型机;飞行测试;DELETE;俄罗斯公司;管理部门,"俄罗斯vrt300旋翼无人机主系统已进入试验台测试阶段,该系统是由vr技术设计局开发的,承担该项目的公司表示,如果该项目步入正轨,公司将于年底开始对300千克的原型机进行飞行测试,到目前为止,无人机的功能和技术配置已经能符合一些俄罗斯公司和管理部门的要求。"
41,"['试验要素', '试验要素', '试验要素', '试验要素', '任务场景', '任务场景', '任务场景', '任务场景', '试验要素']","[8, 30, 47, 56, 84, 91, 100, 107, 118]","[28, 41, 50, 68, 87, 94, 101, 109, 125]","""沿海战场侦察和分析系统""(cobras);""科罗拉多""号近海战斗舰;作战试验;""沿海战场侦察和分析系统"";两栖部队;登陆区域;水雷;障碍物;新型水雷探测系统","4月6日美国海军""沿海战场侦察和分析系统""(cobras)在""科罗拉多""号近海战斗舰上正式完成作战试验,试验中,""沿海战场侦察和分析系统""需要完成三项任务:一是分析确认两栖部队可能的登陆区域;二是探测水雷;三是定位障碍物,2月22日,该新型水雷探测系统完成了研制试验。"
42,"['性能指标', '试验要素', '系统组成', '试验要素', '试验要素', '试验要素']","[15, 22, 52, 56, 68, 102]","[18, 28, 54, 63, 82, 115]","威胁环境;水下核攻击方案;核弹头;""三叉戟""ⅱ导弹;""内布拉斯加""号弹道导弹核潜艇;""三叉戟""ⅱd5导弹延寿计划","作为评估各种升级和在快速变化的威胁环境下维持水下核攻击方案的一部分,美国海军在3月26日试射了两枚未搭载核弹头的""三叉戟""ⅱ导弹,导弹由""内布拉斯加""号弹道导弹核潜艇在加利福尼亚州南部海岸发射,这项试验是""三叉戟""ⅱd5导弹延寿计划的基础,该计划旨在确保该武器能够在21世纪40年代及以后继续服役。"
43,"['试验要素', '试验要素', '试验要素', '试验要素', '试验要素', '试验要素']","[25, 38, 50, 67, 88, 102]","[36, 41, 61, 70, 91, 105]",战略导弹防御系统反导试验;被试系统;a-135反弹道导弹系统;反导系统;模拟靶标;弹道导弹,"俄罗斯空天军在哈萨克斯坦的沙雷沙甘试验训练场进行了战略导弹防御系统反导试验,被试系统是现代化改造后的a-135反弹道导弹系统,试验中,反导系统完成了相关作业,在指定的时间遭遇了模拟靶标(模拟的是一种传统的弹道导弹)。"
44,"['试验要素', '试验要素', '任务场景', '试验要素', '试验要素', '性能指标', '试验要素', '试验要素', '试验要素', '试验要素', '性能指标']","[32, 48, 59, 69, 74, 84, 94, 107, 129, 154, 170]","[39, 55, 61, 72, 80, 87, 95, 122, 135, 158, 173]","导弹防御跟踪演习;""萨德""系统软件;.0版;""萨德"";""爱国者""系统;互操作性;靶弹;""萨德""系统an/tpy-2雷达;""爱国者""系统;战术数据链;互操作性","美国导弹防御局和陆军在4月6日从新墨西哥州白沙导弹靶场成功进行了导弹防御跟踪演习,本次试验支持了""萨德""系统软件升级3.0版的工作,验证了""萨德""和""爱国者""系统之间的互操作性,演习期间,靶弹从白沙导弹靶场发射,由""萨德""系统an/tpy-2雷达探测与跟踪,""爱国者""系统同样也探测并跟踪了靶弹,两系统均通过战术数据链交换信息并验证了之间的互操作性。"
45,"['试验要素', '试验要素', '性能指标', '任务场景', '任务场景', '任务场景', '系统组成', '性能指标', '试验要素']","[41, 54, 71, 74, 98, 101, 133, 155, 163]","[50, 58, 72, 77, 99, 102, 136, 158, 168]",超高速射弹(hvp);超声速射弹;速度;普通炮管;陆军;海军;核心技术;威胁目标;演示验证试验,"美国战略与国际研究中心透露,国防部战略能力办公室(sco)将在一年内试射全新研制的超高速射弹(hvp),这款超声速射弹可以5600千米/小时的速度从普通炮管发射,单次发射成本仅为8.6万美元,目前陆军和海军正在与战略能力办公室制订移交计划,战略能力办公室仅仅负责验证核心技术的有用性,特别是验证射弹能够足够接近威胁目标的能力,演示验证试验将在一年内完成。"
46,"['试验要素', '试验要素', '试验要素', '试验要素', '试验要素', '性能指标', '性能指标', '性能指标', '系统组成', '系统组成', '性能指标', '任务场景', '任务场景']","[4, 21, 33, 68, 93, 113, 127, 137, 151, 158, 166, 175, 190]","[13, 31, 38, 71, 94, 118, 129, 144, 156, 164, 169, 178, 191]",kc-46空中加油机;补充型号证书(stc);燃料输送试验;飞行时间;燃油;燃油输送速率;硬式空;军方最高加油速率;翼下加油吊舱;中心线加油平台;加油速率;小型飞机;燃油,"波音公司kc-46空中加油机现已完成所需的补充型号证书(stc)的燃料输送试验,试验由两架kc-46完成,作为试验内容,在3小时48分的飞行时间里,其中一架向另一架共输送了66224千克燃油,同时实现了1200加仑/分钟的最大燃油输送速率,通过试验验证了硬式空中加油能够满足军方最高加油速率的要求,同时翼下加油吊舱和中心线加油平台的加油速率也能满足为小型飞机每分钟输送400加仑的燃油。"
47,"['试验要素', '性能指标', '任务场景', '试验要素', '任务场景', '性能指标', '性能指标', '性能指标', '性能指标', '任务场景', '试验要素', '性能指标', '任务场景']","[19, 25, 36, 41, 67, 76, 79, 84, 88, 99, 121, 127, 134]","[23, 28, 38, 60, 69, 77, 82, 86, 91, 101, 125, 132, 137]","信息战部队;作战能力;战部队;""海军陆战队远征部队信息小组""(mig);信息相;网络;信号情报;电子战;信息作战;一实体;信息战小组;信息相关能力;传统部队","日前,美国海军陆战队已经开始试验其新的信息战部队的作战能力,这一新的信息战部队名为""海军陆战队远征部队信息小组""(mig),其将所有与信息相关的能力(如网络,信号情报,电子战和信息作战)统一组织在单一实体下,目前,海军陆战队正通过各种演习,将信息战小组和信息相关能力与传统部队结合起来。"
48,"['任务场景', '试验要素', '性能指标', '试验要素', '试验要素', '试验要素', '试验要素', '任务场景', '任务场景', '试验要素']","[18, 25, 33, 63, 74, 79, 105, 121, 145, 150]","[23, 31, 33, 66, 75, 81, 107, 135, 146, 153]",高超声速武器;3d打印战斗部;重;地下掩体;地面;冲击波;战斗部;杀伤力增强弹药(leo)战斗部;破片;建模技术,"轨道atk公司3月29日首次试验用于高超声速武器的3d打印战斗部,重22千克的战斗部在得克萨斯沙漠试验场进行试验,在几百米外的地下掩体中都能感觉到从地面传来的冲击波,本次试验是轨道atk公司首次对3d打印制造的战斗部进行试验,该公司一直在发展杀伤力增强弹药(leo)战斗部,以及某些用于辅助破片设计的建模技术。"
49,"['任务场景', '试验要素', '试验要素', '试验要素', '试验要素', '性能指标', '性能指标', '试验要素', '试验要素', '试验要素', '试验要素', '试验要素', '试验要素']","[1, 10, 29, 69, 77, 103, 115, 139, 153, 156, 165, 174, 183]","[5, 23, 32, 75, 80, 106, 118, 141, 154, 159, 170, 180, 186]",DELETE;系统开发与演示验证(sdd);飞行试验;f-35战斗机;飞行试验;起飞架次;飞行时间;试验点;任务;效能试验;任务效能试验;f-35战斗机;敌方威胁,"f-35项目已经完成系统开发与演示验证(sdd)阶段的最后飞行试验,该试验于4月11日在马里兰州的帕图森特河海军航空站进行,在sdd阶段,f-35战斗机的飞行试验从2006年到2018年,共进行了约11年,起飞架次达9200多次,飞行时间超过17000小时,试验了约70000个试验点,试验内容包括了33种任务的效能试验,最大一次任务效能试验是8架f-35战斗机对付敌方威胁。"
50,"['试验要素', '试验要素', '性能指标', '性能指标', '性能指标', '性能指标']","[52, 87, 98, 104, 110, 114]","[67, 96, 101, 108, 112, 117]","""联合轻型战术车辆""(jltv);""联合轻型战术车辆"";预期环境;作战有效性;适用性;生存能力","从2月底到4月12日,美国陆军联合海军陆战队在海军陆战队空中作战中心加利福尼亚东部的莫哈韦沙漠开始对新型""联合轻型战术车辆""(jltv)开展试验,该试验收集到的数据将用于解决""联合轻型战术车辆""在预期环境中的作战有效性,适用性和生存能力等方面的问题。"
51,"['试验要素', '试验要素', '试验要素', '试验要素', '任务场景', '系统组成', '系统组成', '试验要素', '试验要素', '任务场景', '试验要素', '试验要素', '任务场景']","[38, 51, 93, 110, 117, 138, 150, 167, 182, 189, 200, 228, 241]","[47, 58, 103, 115, 121, 141, 156, 177, 187, 196, 207, 233, 246]","b61-12重力炸弹;非核系统飞行试验;b-2a""幽灵""轰炸机;b61-12;核试验组件;炸弹组件;尾翼组件工具包;b-2a""幽灵""轰炸机;b61-12;对端质量鉴定试验;质量鉴定飞行试验;b61-12;美国安全要求","6月9日,美国能源部国家核安全管理局和美国空军在内华达州的托诺帕试验场完成了b61-12重力炸弹的两次非核系统飞行试验，这些试验包括从位于加利福尼亚州爱德华兹空军基地第419飞行试验中队b-2a""幽灵""轰炸机上投放的一个b61-12非核试验组件,其中包括国家核安全管理局设计的炸弹组件和美国空军获得的尾翼组件工具包。这些试验是第一次在b-2a""幽灵""轰炸机上进行的b61-12端对端质量鉴定试验。这些质量鉴定飞行试验证明b61-12的设计符合系统要求,以及b61-12延寿计划在满足美国安全要求方面在不断取得进展。"
52,"['试验要素', '试验要素', '试验要素', '试验要素', '试验要素', '试验要素', '试验要素', '试验要素', '试验要素', '试验要素', '试验要素', '试验要素', '试验要素', '性能指标', '性能指标']","[11, 29, 37, 41, 48, 55, 60, 66, 73, 83, 90, 99, 115, 129, 138]","[24, 32, 37, 44, 51, 58, 63, 69, 77, 86, 94, 105, 121, 136, 143]","c-130h""大力神""运输机;飞行试验;DELETE;系统性能;操作模式;飞行高度;飞行条件;飞行状态;全天候试验;实时视频;平视显示器;二维和三维标识;飞行和导航数据;目视着陆应用功能;头部跟踪功能","埃尔比特系统公司升级的c-130h""大力神""运输机完成首次飞行试验，试验对飞机及其系统性能在多种操作模式，各种飞行高度和飞行条件下的飞行状态进行了全天候试验。飞行中,实时视频显示在平视显示器上,通过二维和三维标识呈现了真实状态下的飞行和导航数据,增强了退化的目视着陆应用功能和头部跟踪功能。"
53,"['试验要素', '试验要素', '试验要素', '任务场景', '试验要素', '任务场景']","[28, 38, 53, 70, 80, 91]","[34, 44, 55, 73, 87, 100]","""硫磺石""导弹;""台风""战斗机;实弹试;作战能力;""台风""战斗机"";段增强包""(p3e)","作为持续开展的研发工作的一部分,由欧洲导弹防御集团研制的""硫磺石""导弹从一架""台风""战斗机上成功完成了首次实弹试射,这将极大提升该型战斗机的作战能力.此次试验是""台风""战斗机""第三阶段增强包""(p3e)集成工作的一部分。"
54,"['试验要素', '试验要素', '试验要素', '试验要素']","[4, 36, 42, 59]","[18, 40, 52, 71]","新型航空母舰""杰拉德.福特""号;固定翼飞机;电磁弹射和拦阻着舰试验;""杰拉德.福特""号航空母舰","美国海军新型航空母舰""杰拉德.福特""号于7月28日在弗吉尼亚海岸首次完成固定翼飞机的电磁弹射和拦阻着舰试验,此次试验距""杰拉德.福特""号航空母舰服役时间(7月22日)不满一周。"
55,"['试验要素', '试验要素', '试验要素', '试验要素', '任务场景', '性能指标', '试验要素', '试验要素', '试验要素', '性能指标', '任务场景']","[34, 43, 54, 57, 64, 69, 97, 124, 137, 149, 153]","[41, 46, 55, 60, 65, 71, 109, 127, 141, 151, 157]",kc-46加油机;电磁试验;雷达;无线电塔;系统;电磁场;电磁脉冲与电磁辐射设施平台;消声设施;kc-46;低速率;始生产飞机,"由美国波音公司、美国空军和海军航空系统司令部组成的联合小组于近日完成kc-46加油机的电磁试验,评估了飞机在雷达、无线电塔和其他系统产生的电磁场中安全作业的能力。此次试验在帕图森特河海军航空站的电磁脉冲与电磁辐射设施平台和爱德华空军基地的贝内费尔德消声设施中进行,试验飞机为kc-46项目中的第2架低速率初始生产飞机。"
56,"['试验要素', '试验要素', '性能指标', '系统组成', '性能指标', '性能指标', '任务场景', '任务场景', '任务场景', '任务场景', '性能指标', '性能指标', '试验要素', '任务场景', '试验要素', '试验要素']","[28, 46, 49, 51, 62, 69, 82, 89, 93, 99, 114, 124, 134, 143, 150, 162]","[41, 47, 49, 54, 62, 69, 84, 91, 95, 103, 115, 129, 139, 146, 156, 163]",微型撞击杀伤导弹受控飞行试验;导弹;DELETE;电子设备;长;重;火炮、;迫击炮;机动性;近距离目标;费用;后勤保障要求;受控飞行试验;美国陆军;技术成熟度等级;机理,"1月26日,洛克希德--马丁公司在白沙导弹靶场进行了一次微型撞击杀伤导弹受控飞行试验,演示了导弹弹体和电子设备的性能,该导弹长约72厘米,重约2.2千克,用途是针对火炮、火箭炮、迫击炮等机动性较强的近距离目标,该微型导弹的要求是费用较低、精度高并且后勤保障要求低,此次受控飞行试验,是向美国陆军演示其技术成熟度等级和验证相关机理。"
57,"['试验要素', '试验要素', '试验要素', '系统组成', '系统组成', '试验要素', '系统组成', '系统组成', '试验要素', '试验要素', '试验要素']","[10, 26, 39, 48, 62, 70, 116, 126, 165, 175, 188]","[18, 34, 42, 57, 65, 86, 121, 129, 168, 176, 195]","舰载机海上弹射试验;""福特""号航空母舰;恢复测试;通用原子电磁弹射系统;制动系统;f/a-18f""超级大黄蜂""战斗机;电磁弹射系统;制动系统;陆基试验;飞机;福特级空气翼模型","美国海军成功进行首次舰载机海上弹射试验,并在新服役的""福特""号航空母舰上进行了恢复测试，试验使用通用原子电磁弹射系统和先进的制动系统。试验中f/a-18f""超级大黄蜂""战斗机成功弹射起飞,通用原子公司称这是一个具有里程碑意义的事件。电磁弹射系统和先进的制动系统将继续在新泽西州mcguire-dix-lakehurst联合基地进行陆基试验,以支持所有飞机型号的发射和恢复,以及福特级空气翼模型的设计。"
58,"['试验要素', '任务场景', '任务场景', '任务场景', '试验要素', '任务场景', '任务场景', '系统组成', '系统组成', '性能指标', '系统组成']","[44, 59, 68, 73, 78, 93, 105, 112, 119, 122, 125]","[54, 62, 71, 76, 88, 99, 107, 115, 120, 123, 127]",先进柴油发动机地面试验;军用飞机;飞行任务;后勤负担;高效新型航空柴油发动机;有人和无人飞机;内燃机;液体冷却;复合;铝制;螺旋桨,"美国空军研究实验室先进力量技术办公室联合工程推进系统公司和阿诺德工程与发展中心近日进行了先进柴油发动机地面试验,以提高军用飞机效能,减轻飞行任务的后勤负担,高效新型航空柴油发动机有望替代有人和无人飞机目前使用的内燃机,它使用液体冷却,采用复合或铝制的螺旋桨。"
59,"['试验要素', '试验要素', '试验要素', '试验要素', '试验要素', '性能指标', '试验要素', '任务场景']","[14, 57, 79, 82, 85, 91, 105, 135]","[32, 62, 80, 83, 89, 96, 107, 136]","""圣安东尼奥""级两栖运输舰""波特兰""号;海上验收试验;抛锚;转向;探测与交战;压载/卸压载;测试项;海军","亨廷顿英格尔斯工业公司建造的""圣安东尼奥""级两栖运输舰""波特兰""号在美国海军检查与调查委员会的监督指导下完成一系列海上验收试验,检验了舰船能力.期间进行了包括抛锚,转向,探测与交战,压载/卸压载在内的近200个测试项.英格尔斯造船厂项目经理表示,该舰原计划于今年秋季交付海军,由于海试提前完成,交付时间也将提前。"
60,"['试验要素', '试验要素', '试验要素', '试验要素', '试验要素', '试验要素', '性能指标', '性能指标', '性能指标']","[5, 35, 44, 58, 115, 119, 123, 128, 135]","[17, 40, 52, 63, 117, 121, 126, 131, 137]","f-35""adir""战斗机;空中加油试验;隐身战斗机集成项目;空中加油试验;战斗机;加油机;飞行品质;专业分工;全天候","以色列空军f-35""adir""战斗机近日在特尔诺夫空军基地进行了一系列空中加油试验,作为隐身战斗机集成项目的一部分,空中加油试验与来自以色列nevatim空军基地的""绿巨人""中队合作,由以色列空军飞行试验中队具体实施,试验期间,对战斗机和加油机的飞行品质和专业分工进行了全天候评估。"
61,"['试验要素', '试验要素', '试验要素', '任务场景', '性能指标', '试验要素', '性能指标', '性能指标']","[13, 50, 78, 82, 97, 115, 133, 141]","[29, 71, 80, 84, 100, 117, 139, 146]","""独立""级近海战斗舰""科罗纳多""号;rgm-84d""鱼叉""blockc型反舰导弹;超视距;面目标;打击能力;无人机;超视距目标信息;毁伤情况评估","8月22日,美国海军第二艘""独立""级近海战斗舰""科罗纳多""号在海外部署期间,于关岛附近海域,发射一枚rgm-84d""鱼叉""blockc型反舰导弹,命中了一个超视距水面目标,验证了近海战斗舰的潜在打击能力,此次试验是美国海军首次利用无人机为从近海战斗舰上发射的导弹提供超视距目标信息和毁伤情况评估。"
62,"['试验要素', '试验要素', '试验要素', '试验要素', '试验要素', '试验要素', '任务场景', '任务场景', '试验要素', '试验要素', '试验要素', '试验要素', '任务场景', '性能指标']","[3, 9, 27, 41, 55, 79, 100, 108, 139, 154, 167, 182, 185, 192]","[7, 24, 35, 48, 63, 87, 106, 114, 151, 162, 175, 183, 187, 197]","f-35a;f-35c""闪电""ⅱ型联合攻击机;block3f软件;武器投放精度试验;block3f软件;f-35联合攻击机;空军f-35a;海军f-35c;f-35b武器投放精度试验;block3f软件;f-35联合攻击机;投放;度试验;初始作战能力","近日,f-35a和f-35c""闪电""ⅱ型联合攻击机借助block3f软件完成新一轮武器投放精度试验.此次试验是block3f软件系统开发验证阶段的结束,也是在f-35联合攻击机上研制试验的结束,对实现空军f-35a和海军f-35c初始作战能力极为重要.下一步,在完成预期的另一轮f-35b武器投放精度试验后,block3f软件将完成在f-35联合攻击机三种型号上的投放精度试验,向实现初始作战能力更进一步。"
63,"['试验要素', '试验要素', '试验要素', '性能指标', '试验要素', '试验要素', '试验要素', '系统组成', '试验要素']","[30, 50, 57, 83, 89, 102, 109, 117, 135]","[42, 55, 65, 84, 90, 105, 114, 122, 140]","""纳格""反坦克导弹飞行试验;""纳格""导弹;""纳格""导弹运载车;距离;目标;飞行试验;""纳格""导弹;发射装置系统;导弹研制试验","印度国防研究与发展组织于9月8日在拉贾斯坦邦沙漠靶场完成两次""纳格""反坦克导弹飞行试验,试验中,两枚""纳格""导弹从""纳格""导弹运载车发射,并以极高精度命中两个处于不同距离和状态的目标,印度国防部称,成功的飞行试验表明,""纳格""导弹与其发射装置系统的全部功能已实现,标志着导弹研制试验已顺利完成。"
64,"['试验要素', '系统组成', '性能指标', '试验要素', '试验要素']","[35, 65, 89, 102, 122]","[57, 68, 91, 105, 127]","井射型rs-24""亚尔斯""固体燃料洲际弹道导弹;分导弹头;可靠性;试验弹头;指定区域目标","俄罗斯战略火箭兵于当日在莫斯科北部的普列谢茨克航天发射中心,试射了一枚井射型rs-24""亚尔斯""固体燃料洲际弹道导弹,导弹配有多个分导弹头.此次发射的目的是检验该型号同批次导弹的可靠性.俄罗斯国防部表示,试验弹头准确命中位于堪察加半岛库拉靶场的指定区域目标,完成了所有任务,达到了试验目的。"
65,"['试验要素', '试验要素', '试验要素', '试验要素', '性能指标', '性能指标', '性能指标', '性能指标', '试验要素']","[32, 52, 68, 79, 101, 109, 115, 121, 125]","[44, 61, 73, 82, 103, 112, 119, 121, 126]","""阿斯特拉""超视距空空导弹;苏-30mki战斗机;研制飞行试验;武器系统;远距离;中等距离;高机动目标;DELETE;导弹","9月11日-14日,在奥迪萨邦昌迪普尔综合试验场,印度自主研制的""阿斯特拉""超视距空空导弹在其空军的一架苏-30mki战斗机上完成最后的研制飞行试验,标志着其武器系统的研制阶段工作顺利结束.此次试验包括远距离打击目标,中等距离打击高机动目标,齐射多枚导弹打击多个目标等内容。"
66,"['试验要素', '试验要素', '试验要素', '性能指标']","[36, 66, 77, 92]","[59, 73, 88, 97]","""爱国者""先进能力pac-3导弹分段增强型拦截弹;战术弹道导弹靶弹;pac-3导弹分段增强型;远程发射装置","9月16日,在马绍尔群岛夸贾林环礁的里根试验场,洛克希德.马丁公司研制的""爱国者""先进能力pac-3导弹分段增强型拦截弹成功拦截一枚战术弹道导弹靶弹,这是pac-3导弹分段增强型首次从远程发射装置进行试验。"
67,"['试验要素', '试验要素', '试验要素', '试验要素', '试验要素', '试验要素']","[9, 35, 90, 120, 138, 164]","[29, 46, 111, 123, 143, 167]","""反潜战持续跟踪无人艇""(actuv)项目;""海上猎人""技术验证装置;""海上系统空中拖曳伞平台""(alons)样机;联合试验;排雷有效载荷;海上试验","darpa成功完成""反潜战持续跟踪无人艇""(actuv)项目,并正式将""海上猎人""技术验证装置移交给美国海军研究办公室(onr),""海上猎人""原型于2016年9月与darpa研制的""海上系统空中拖曳伞平台""(alons)样机进行了一次成功的联合试验,并在2017年8月搭载一款排雷有效载荷完成了海试,海军研究办公室计划开展更多的海上试验,进一步开发actuv技术。"
68,"['试验要素', '试验要素', '试验要素', '性能指标', '系统组成', '系统组成', '系统组成', '试验要素', '任务场景', '系统组成', '系统组成', '性能指标', '试验要素']","[31, 62, 75, 81, 95, 99, 102, 109, 114, 132, 139, 147, 155]","[52, 72, 79, 86, 97, 100, 107, 112, 125, 137, 143, 148, 164]","""先进试验高能资产""(称""雅典娜"")系统样机;""雅典娜""激光武器系统;无人机威胁;关键杀伤能力;传感器;软件;专业光学系统;30千瓦;雅典娜""激光武器系统样机;波束控制技术;光纤激光器;翼展;""放逐者""无人机系统","美国陆军空间与导弹防御司令部于近期在新墨西哥州的白沙导弹靶场对""先进试验高能资产""(称""雅典娜"")系统样机进行了测试,验证了""雅典娜""激光武器系统应对无人机威胁的关键杀伤能力.测试期间,配备传感器,软件和专业光学系统的30千瓦""雅典娜""激光武器系统样机,利用先进的波束控制技术和光纤激光器对5架翼展为3.3米的""放逐者""无人机系统实施攻击。"
69,"['试验要素', '试验要素', '试验要素', '试验要素', '任务场景', '任务场景', '任务场景', '性能指标']","[8, 59, 69, 89, 105, 111, 116, 124]","[20, 67, 79, 101, 106, 112, 121, 127]","""萨德""(thaad)系统;美日韩联合反导演习;美以一体化防空反导试验;""宙斯盾""系统互操作性试验;美军;全球;导弹防御系统;联合作战","二是确定在韩部署""萨德""(thaad)系统,并选定星州高尔夫球场为具体部署地点,预计2017年末投入使用;三是通过实施美日韩联合反导演习,美以一体化防空反导试验,以及与西班牙完成""宙斯盾""系统互操作性试验,提高美军运用其在全球部署的导弹防御系统实施联合作战的能力。"
70,"['试验要素', '试验要素', '性能指标', '试验要素', '试验要素', '试验要素', '试验要素', '试验要素', '试验要素', '试验要素', '任务场景', '任务场景', '试验要素', '性能指标', '任务场景']","[8, 47, 53, 63, 75, 83, 95, 99, 135, 149, 172, 175, 184, 192, 198]","[26, 51, 54, 65, 81, 93, 96, 105, 138, 152, 173, 182, 187, 194, 203]","""用于导弹防御的低功率激光武器演示器"";无人机平台;功率;激光器;""鬼眼""无人机;mq-9""死神""无人机;平台;低功率激光武器;飞行试验;验证试验;高空;长航时无人机平台;激光武器;助推段;洲际弹道导弹","导弹防御局发布了""用于导弹防御的低功率激光武器演示器""先进技术创新跨部门公告,寻求一种可部署于无人机平台,功率在100千瓦级的激光器,导弹防御局将利用""鬼眼""无人机或mq-9""死神""无人机等平台支持低功率激光武器验证,并计划在2017财年选定平台方案,2020年进行首次飞行试验,2021年进行最终验证试验,导弹防御局的最终目标是发展一种可用于高空,长航时无人机平台的激光武器,以拦截助推段飞行的洲际弹道导弹。"
71,"['试验要素', '试验要素', '性能指标', '试验要素', '试验要素', '性能指标', '试验要素', '性能指标', '试验要素', '试验要素', '试验要素', '任务场景']","[6, 20, 32, 56, 75, 81, 90, 95, 125, 135, 143, 145]","[11, 27, 35, 60, 79, 86, 93, 98, 133, 138, 143, 149]",现役反导系统;新型反导系统试验;反导能力;反导拦截弹;反导拦截弹;战术技术性能;反导系统;工作能力;a-235反导系统;拦截弹测;DELETE;代反导系统,"俄罗斯在保障现役反导系统延寿的同时,开展新型反导系统试验,确保其反导能力的持续发展,6月21日,俄罗斯成功进行了反导拦截弹的试射,旨在确认空天军列装的反导拦截弹的战术技术性能,检查反导系统的工作能力,有保障地延长系统使用寿命,此外,俄罗斯还成功进行了a-235反导系统的拦截弹测试,推进新一代反导系统研制。"
72,"['试验要素', '试验要素', '任务场景', '任务场景', '性能指标', '性能指标']","[4, 50, 72, 87, 94, 99]","[17, 60, 81, 92, 97, 106]","首长司令部联合反导计算机演习;""空天安全-2016"";防空反导联合作战行动;两国领土安全;弹道导弹;巡航导弹袭击能力","俄中首次首长司令部联合反导计算机演习在位于莫斯科的俄罗斯国防部空天防御部队科研中心进行,本次演习称为""空天安全-2016"",旨在演练俄中迅速部署防空反导联合作战行动,应对威胁两国领土安全的弹道导弹与巡航导弹袭击能力。"
73,"['试验要素', '任务场景', '任务场景', '试验要素', '试验要素', '试验要素']","[7, 35, 46, 51, 59, 63]","[10, 40, 49, 56, 60, 68]",激光武器;近地轨道卫星;作战目标;机载激光武器;载机;a-60战机,"俄罗斯披露了其激光武器研制的最新进展,目前,俄罗斯正在研制用于摧毁包括近地轨道卫星在内的多数作战目标的机载激光武器,其载机将由a-60战机改装。"
74,"['试验要素', '试验要素', '试验要素', '试验要素', '性能指标', '试验要素', '系统组成', '性能指标']","[2, 13, 41, 71, 85, 95, 116, 119]","[8, 16, 53, 77, 90, 101, 117, 120]","""大卫投石器"";研发试验;""大卫投石器""系统关键组件;全系统集成测试;初始作战能力;""魔棍""拦截弹;算法;软件","随着""大卫投石器""成功完成研发试验,以色列拉菲尔公司开始向以色列空军防空司令部交付""大卫投石器""系统关键组件,交付工作完成后,以色列空军将进行全系统集成测试,确保系统具备初始作战能力,其中,""魔棍""拦截弹的交付将分3个批次进行,包括算法与软件的升级。"
75,"['任务场景', '任务场景', '试验要素', '系统组成', '任务场景', '任务场景']","[10, 13, 33, 44, 81, 96]","[11, 17, 40, 49, 84, 97]","备役;铁穹""系统;""铁穹""系统导弹;新型软件模块;防空任务;威胁","以色列完成了现役和预备役""铁穹""系统的软件升级工作,以色列的第二个""铁穹""系统导弹连采用新型软件模块进行了系统升级,并通过资格认证,升级后的""铁穹""系统可执行多项防空任务,更好地应对不断升级的威胁。"
76,"['试验要素', '试验要素', '试验要素', '试验要素', '性能指标']","[10, 61, 70, 114, 134]","[24, 67, 81, 122, 139]","""标准-3""block2a导弹;新型导弹驱逐舰;""宙斯盾""基线9作战系统;""爱国者-3""系统;导弹防御能力","日本和美国联合开发的""标准-3""block2a导弹将于2017年春季完成研制,2018年开始部署;日本海上自卫队将为其两艘新型导弹驱逐舰装备""宙斯盾""基线9作战系统,这两艘战舰预计于2020年和2021年服役;计划利用5年时间对""爱国者-3""系统进行现代化升级,提升其导弹防御能力。"
77,"['试验要素', '试验要素', '试验要素', '试验要素', '试验要素', '试验要素', '试验要素']","[13, 32, 60, 75, 104, 110, 161]","[24, 44, 62, 85, 108, 122, 174]","弹道导弹防御系统拦截试验;""先进防空导弹""(aad);发射架;""丹努什""弹道导弹靶弹;aad导弹;""大地防空导弹""(pad);""大地防御拦截弹""(pdv)","印度在孟加拉海域成功进行了弹道导弹防御系统拦截试验,试验中,一枚""先进防空导弹""(aad)从位于印度东海岸综合试验靶场的发射架上发射,成功摧毁了来袭的""丹努什""弹道导弹靶弹,印度弹道导弹防御系统第一阶段主要由aad导弹与""大地防空导弹""(pad)共同构成,目前,印度弹道导弹防御系统第二阶段发展计划已经启动,正在研制和试验""大地防御拦截弹""(pdv)。"
78,"['试验要素', '试验要素', '试验要素', '试验要素']","[24, 36, 95, 128]","[29, 41, 110, 133]","导弹拦截试验;中程弹道导弹;""标准""-3block2a拦截弹;中程弹道导弹","1月31日,美国导弹防御局联合美国海军进行了一次导弹拦截试验,模拟来袭的中程弹道导弹在空中发射,从部署在夏威夷考艾岛的""宙斯盾""岸上导弹防御试验综合设施上(太平洋导弹靶场综合设施)发射了一枚""标准""-3block2a拦截弹进行拦截,但拦截弹没能拦截到模拟的中程弹道导弹。"
79,"['试验要素', '试验要素', '试验要素', '试验要素', '试验要素', '任务场景', '系统组成', '任务场景', '任务场景', '任务场景']","[30, 53, 71, 91, 99, 116, 135, 147, 154, 165]","[45, 69, 87, 97, 102, 130, 140, 152, 161, 170]","""韩国导弹防御""(kamd)体系;""中程地空导弹""(m-sam)系统;""远程地空导弹""(l-sam)系统;""爱国者""系统;预警雷达;""世宗大王""级""宙斯盾""驱逐舰;垂直发射系统;""标准-3"";""标准-6""导弹;导弹防御能力","韩国政府将2017年国防预算增加至361亿美元,用于支持构建""韩国导弹防御""(kamd)体系,该体系主要由""中程地空导弹""(m-sam)系统,""远程地空导弹""(l-sam)系统,美国""爱国者""系统和预警雷达组成,此外,韩国海军还在为""世宗大王""级""宙斯盾""驱逐舰安装新的垂直发射系统,使其可发射""标准-3""和""标准-6""导弹,提高导弹防御能力。"
80,"['试验要素', '试验要素', '试验要素', '系统组成', '系统组成', '系统组成', '系统组成', '系统组成', '试验要素', '试验要素']","[7, 11, 18, 31, 35, 39, 42, 46, 110, 129]","[9, 13, 28, 33, 37, 40, 44, 51, 127, 147]","巡洋舰;驱逐舰;""宙斯盾""舰载作战系统;传感器;计算机;软件;显示器;武器发射系统;""提康德罗加""级巡洋舰(cg-47);""阿利·伯克""级驱逐舰(ddg-51)","大部分美国海军巡洋舰和驱逐舰都装备了""宙斯盾""舰载作战系统--传感器,计算机,软件,显示器及武器发射系统的综合集成,因此被称为""宙斯盾""舰,""宙斯盾""系统于1983年首次部署,此后经过数次升级,美国海军的""宙斯盾""舰包括""提康德罗加""级巡洋舰(cg-47)和""阿利·伯克""级驱逐舰(ddg-51)。"
81,"['试验要素', '试验要素', '系统组成', '试验要素', '试验要素', '试验要素', '性能指标', '试验要素']","[3, 19, 53, 81, 91, 131, 153, 162]","[17, 30, 64, 86, 113, 141, 160, 165]","""地基中段防御""(gmd)系统;""地基拦截弹""(gbi);大气层外杀伤器(ekv);控制飞行试验;""能力增强-2""(ce-2)型ekv姿轨控系统;空射型中程弹道导弹靶弹;带有对抗措施目标;识别技术","为改善""地基中段防御""(gmd)系统中""地基拦截弹""(gbi)的性能,美国导弹防御局重点对gbi的关键部件大气层外杀伤器(ekv)进行了试验验证,1月28日,通过控制飞行试验对改进的""能力增强-2""(ce-2)型ekv姿轨控系统进行了试验验证,本次试验首次使用了空射型中程弹道导弹靶弹,验证了gmd系统应对带有对抗措施目标的识别技术。"
82,"['试验要素', '试验要素', '试验要素', '试验要素', '系统组成', '系统组成', '系统组成', '试验要素', '系统组成', '性能指标']","[23, 64, 90, 108, 133, 192, 217, 248, 281, 292]","[42, 82, 100, 117, 137, 204, 223, 268, 287, 299]","""提康德罗加""级巡洋舰(cg47~73);""阿利·伯克""级驱逐舰(ddg-51);flighti/ii型;flightiia型;直升机机库;防空反导雷达(spy-6);spy-1雷达;""朱姆沃尔特""级驱逐舰(ddg-1000);""宙斯盾""系统;弹道导弹防御能力","美海军在1978~1988财年间共采购了27艘""提康德罗加""级巡洋舰(cg47~73),在1985~2005财年间共采购了62艘""阿利·伯克""级驱逐舰(ddg-51),首批28艘为flighti/ii型,后续34艘为flightiia型,进行了一些设计改进,包括引入直升机机库,在2010~2019财年共采购了20艘新版的flightiii型号,flightiii型ddg-51装备了防空反导雷达(spy-6),比此前的""宙斯盾""舰的spy-1雷达性能更为先进,在2006~2009财年采购了3艘""朱姆沃尔特""级驱逐舰(ddg-1000),ddg-1000未采用""宙斯盾""系统,不具备弹道导弹防御能力。"
83,"['试验要素', '任务场景', '任务场景', '任务场景', '任务场景', '任务场景', '试验要素', '任务场景']","[0, 23, 32, 41, 51, 68, 76, 111]","[12, 29, 39, 49, 62, 74, 90, 116]","""宙斯盾""弹道导弹防御系统;战区级弹道导弹;短程(srbm);准中程(mrbm);中程弹道导弹(irbm);战区级弹道导弹;""宙斯盾""弹道导弹防御系统雷达;洲际导弹导弹","""宙斯盾""弹道导弹防御系统最初设计主要用于拦截战区级弹道导弹,即短程(srbm),准中程(mrbm)和中程弹道导弹(irbm),除了拦截战区级弹道导弹,""宙斯盾""弹道导弹防御系统雷达的探测和跟踪数据还可以传递给其他用于拦截洲际导弹导弹的防御系统。"
84,"['任务场景', '任务场景', '试验要素', '试验要素', '试验要素', '试验要素', '试验要素', '试验要素', '任务场景', '性能指标']","[1, 9, 16, 22, 35, 49, 64, 80, 116, 126]","[5, 14, 19, 33, 46, 60, 76, 97, 123, 133]","DELETE;弹道导弹防御;拦截导弹;""标准""-3(sm-3);""标准""-2(sm-2);""标准""-6(sm-6);""宙斯盾""弹道导弹防御系统;""标准""-3blockiia拦截导弹;弹道导弹防御系统;洲际弹道导弹拦截","""宙斯盾""舰上用于弹道导弹防御的拦截导弹包括""标准""-3(sm-3),""标准""-2(sm-2)以及""标准""-6(sm-6),随着""宙斯盾""弹道导弹防御系统的新型""标准""-3blockiia拦截导弹的出现,美国国防部正在评估""宙斯盾""弹道导弹防御系统用于洲际弹道导弹拦截的潜力。"
85,"['任务场景', '任务场景', '任务场景', '任务场景', '系统组成', '系统组成', '试验要素', '试验要素', '试验要素', '试验要素']","[1, 9, 15, 22, 29, 51, 85, 97, 105, 124]","[5, 12, 18, 25, 42, 54, 92, 103, 111, 132]","标准""-3;大气层外;飞行中段;弹道导弹;""直接碰撞杀伤""式动能战斗部;导弹弹头;""标准""-3导弹;blockia;blockib;blockiia型","""标准""-3用于在大气层外拦截飞行中段的各类弹道导弹,配备""直接碰撞杀伤""式动能战斗部,通过撞击使敌方导弹弹头失效,美国导弹防御局和海军计划在未来几年内部署能力更强的新型""标准""-3导弹,在当前blockia和blockib的基础上,未来几年将补充blockiia型。"
86,"['任务场景', '系统组成', '系统组成', '系统组成', '系统组成', '系统组成', '性能指标', '性能指标', '性能指标', '性能指标', '性能指标']","[1, 17, 21, 29, 34, 66, 85, 107, 115, 125, 138]","[15, 19, 25, 32, 42, 68, 86, 108, 116, 126, 144]","lockib型""标准""-3导弹;导引头;信号处理器;运动轨迹;转向/高度控制系统;助推段;弹体;射程;射高;速度;中近程弹道导弹","blockib型""标准""-3导弹的导引头,信号处理器,调整运动轨迹的转向/高度控制系统都得到了改进,blockia和blockib的助推段直径21英寸(53.34厘米),弹体直径13.5英尺(34.29厘米),最大射程500千米,射高400千米,最大速度3.5千米/秒,可拦截中近程弹道导弹。"
87,"['试验要素', '系统组成', '性能指标', '性能指标', '性能指标', '性能指标', '性能指标']","[0, 24, 33, 36, 58, 74, 79]","[16, 26, 34, 37, 59, 76, 84]","blockiia型""标准""-3导弹;发动机;射程;射高;速度;中远程;洲际弹道导弹","blockiia型""标准""-3导弹直径21英寸,发动机更大,导弹的射程和射高分别提升至1200千米和800千米,最大速度也超过4.5千米/秒,可拦截中远程甚至洲际弹道导弹,目前,blockiia型正在进行测试。"
88,"['任务场景', '任务场景', '试验要素', '系统组成', '任务场景', '任务场景', '任务场景', '任务场景', '试验要素', '任务场景', '性能指标', '任务场景', '任务场景']","[1, 22, 25, 45, 54, 60, 65, 93, 99, 111, 134, 144, 154]","[17, 23, 32, 49, 56, 63, 68, 95, 108, 119, 137, 152, 159]","标准""-2blockiv反导拦截弹;防空;""标准""-2导弹;杀爆战斗部;大气层;弹道末段;弹道导弹;拦截弹;""标准""-6防空导弹;标准""-2防空导弹;反导作战;美海军大型水面舰艇;反舰弹道导弹","""标准""-2blockiv反导拦截弹是由用于防空的""标准""-2导弹改进的过渡型拦截弹,配备杀爆战斗部,用于在大气层内拦截弹道末段的弹道导弹,美国导弹防御局和海军正在列装一型能力更强的末段拦截弹,是在""标准""-6防空导弹(""标准""-2防空导弹的后续型号)的基础上研制,其反导作战主要针对攻击美海军大型水面舰艇的反舰弹道导弹。"
89,"['试验要素', '试验要素', '试验要素', '试验要素', '试验要素', '试验要素', '任务场景', '试验要素']","[28, 42, 55, 76, 83, 106, 113, 118]","[40, 47, 60, 80, 86, 109, 116, 121]",lav-25a2轻型装甲车;空投认证试验;作战战术程序;轻型装甲车;空投试验;维修工具;保障装备;空投试验,"1月,美国陆军作战试验司令部联合3旅75团的一个排完成了lav-25a2轻型装甲车的空投认证试验,试验完全按照作战战术程序进行,具体指挥由排长负责,在对轻型装甲车进行空投试验的同时,陆军作战试验司令部还同时进行了维修工具和相关保障装备的空投试验。"
90,"['任务场景', '试验要素', '试验要素', '试验要素', '试验要素', '试验要素', '试验要素', '性能指标', '试验要素', '试验要素', '任务场景']","[1, 15, 29, 51, 68, 89, 103, 114, 176, 195, 198]","[12, 22, 32, 56, 76, 101, 108, 117, 183, 196, 200]","宙斯盾""弹道导弹防御系统;""标准""-3导弹;拦截试验;""宙斯盾""舰;""宙斯盾""岸基系统;""标准""-2blockiv;""标准""-6;大气层内;""标准""-3导弹;美国;视卫星","""宙斯盾""弹道导弹防御系统使用""标准""-3导弹进行了42次拦截试验,成功了33次(其中5次试验由日本的""宙斯盾""舰实施,成功4次;3次由""宙斯盾""岸基系统实施,成功2次),还使用""标准""-2blockiv和""标准""-6进行了7次大气层内拦截并全部成功,以上总计试验49次,成功40次,此外,在2008年2月20日,位于夏威夷西北部的一艘""宙斯盾""舰发射""标准""-3导弹,成功击毁了一颗失效的美国监视卫星。"
91,"['任务场景', '任务场景', '性能指标', '性能指标', '性能指标', '性能指标', '性能指标', '任务场景', '任务场景', '任务场景']","[1, 18, 39, 53, 66, 73, 81, 96, 99, 102]","[14, 23, 41, 55, 69, 75, 82, 97, 100, 105]",地攻击巡航导弹(lacms);军事打击武器;亚音速;超音速;高超声速;亚音速;贴地;飞机;地面;海军平台,"对地攻击巡航导弹(lacms)是高效军事打击武器,当前大部分lacms导弹采用亚音速设计,但也有一小部分可超音速飞行,未来一些导弹可高超声速飞行,亚音速巡航导弹可贴地飞行,从多个方向打击目标,飞机,地面和海军平台都可发射lacms。"
92,"['试验要素', '试验要素', '试验要素', '试验要素', '性能指标', '系统组成']","[8, 13, 30, 46, 57, 79]","[11, 16, 44, 52, 59, 85]",弹道导弹;巡航导弹;高超声速滑翔飞行器(hgvs);无动力巡航导弹;超声速;大型火箭助推器,"一些武器同时拥有弹道导弹和巡航导弹特征,例如,弹道导弹发射的高超声速滑翔飞行器(hgvs),无动力巡航导弹等,未来超声速和高超声速巡航导弹或可从传统弹道导弹的大型火箭助推器发射。"
93,"['试验要素', '试验要素', '试验要素', '试验要素', '任务场景', '任务场景', '任务场景', '任务场景', '任务场景']","[2, 20, 24, 40, 48, 56, 66, 70, 81]","[11, 22, 36, 44, 54, 58, 68, 73, 82]",导弹防御系统地面试验;拦截弹;通信系统数据终端(idt);gmd系统;gmd火控节点;ekv;ekv;飞行阶段;数据,"通过导弹防御系统地面试验,支持在飞行中将拦截弹的通信系统数据终端(idt)集成至gmd系统,用于gmd火控节点与ekv进行通信,确保ekv在飞行阶段快速传送和接收数据。"
94,"['任务场景', '试验要素', '系统组成', '系统组成', '系统组成', '性能指标', '任务场景', '系统组成', '系统组成', '性能指标', '任务场景', '系统组成', '试验要素', '任务场景', '任务场景', '试验要素', '任务场景', '性能指标']","[1, 5, 12, 21, 27, 34, 42, 47, 49, 56, 69, 74, 80, 84, 86, 95, 100, 108]","[3, 8, 19, 24, 28, 37, 42, 47, 54, 62, 70, 78, 81, 84, 89, 96, 103, 109]",道导弹;巡航导弹;常规和非常规弹头;常规弹头;弹药;杀伤效果;DELETE;DELETE;DELETE;规模杀伤性弹头;设备;非致命弹头;常规;DELETE;化学武器;弹头;小型炸弹;高度,"弹道导弹和巡航导弹可携带常规和非常规弹头,常规弹头依靠弹药的爆炸产生杀伤效果,非传统弹头主要指核,生物,化学等大规模杀伤性弹头,以及旨在使设备损坏的非致命弹头,常规,生物和化学武器可装在一个弹头或多个小型炸弹中在一定高度释放。"
95,"['试验要素', '任务场景', '试验要素', '试验要素', '任务场景', '试验要素', '试验要素', '性能指标']","[4, 20, 25, 44, 56, 87, 109, 124]","[16, 22, 32, 51, 61, 94, 116, 128]","""宙斯盾""基线9.c1系统;大气层;复杂中程弹道导弹;""标准-6""导弹;中程弹道导弹;""标准-3""导弹;""标准-3""导弹;实战稳定性","美军使用""宙斯盾""基线9.c1系统首次在大气层内对复杂中程弹道导弹进行了跟踪,为后续开展""标准-6""导弹末段拦截中程弹道导弹的试验奠定基础,在发展新能力的同时,美国还通过改进""标准-3""导弹,进一步提高""宙斯盾""系统与""标准-3""导弹中段拦截能力的实战稳定性。"
96,"['试验要素', '试验要素', '试验要素', '性能指标', '任务场景', '性能指标']","[8, 27, 48, 75, 88, 94]","[25, 41, 53, 78, 91, 96]","改进型mk136第三级火箭发动机喷嘴;""标准-3""block1b导弹;控制飞行试验;飞行场景;实战环境;可靠性","导弹防御局对装备改进型mk136第三级火箭发动机喷嘴的""标准-3""block1b导弹进行了一系列控制飞行试验,此项改进有助于提升""标准-3""导弹在不同飞行场景下的性能,增强其在实战环境中的可靠性。"
97,"['试验要素', '性能指标', '性能指标', '性能指标', '性能指标', '试验要素', '系统组成', '系统组成', '系统组成', '试验要素', '性能指标', '任务场景', '任务场景', '任务场景', '系统组成', '系统组成', '性能指标']","[3, 11, 14, 18, 23, 41, 49, 52, 55, 73, 87, 99, 105, 113, 129, 133, 152]","[9, 12, 16, 21, 26, 47, 50, 53, 58, 84, 92, 103, 110, 116, 131, 141, 155]","""爱国者""系统;飞机;无人机;巡航导弹;弹道导弹;""爱国者""系统;导弹;雷达;相关系统;""爱国者-3""mse导弹;初始作战能力;""爱国者"";""萨德""系统;火力缝隙;氮化[UNK];有源电扫相控阵雷达;探测能力","为提高""爱国者""系统对飞机,无人机,巡航导弹和弹道导弹等各种威胁的作战能力,美国对""爱国者""系统的导弹,雷达和相关系统进行了全面升级,在导弹方面,""爱国者-3""mse导弹具备初始作战能力,有效填补了""爱国者""和""萨德""系统间的火力缝隙;在雷达方面,部署了基于氮化镓的有源电扫相控阵雷达,使系统具备360°探测能力。"
98,"['试验要素', '试验要素', '试验要素', '性能指标', '系统组成', '系统组成']","[1, 18, 33, 46, 95, 109]","[7, 30, 39, 49, 101, 117]","""爱国者""系统;pdb-8软件系统研发试验;""爱国者""系统;巡航导弹;密码现代化工具;通信和数据存储单元","在""爱国者""系统的软件方面,完成了对pdb-8软件系统研发试验,为""爱国者""系统反弹道导弹和巡航导弹拦截作战提供支持,为防止相关技术被潜在的敌人获取,美陆军还要求雷声公司为""爱国者""系统提供密码现代化工具,以保护系统的通信和数据存储单元。"
99,"['试验要素', '试验要素', '试验要素', '任务场景', '试验要素', '任务场景', '试验要素']","[2, 23, 88, 105, 111, 126, 136]","[7, 36, 94, 106, 119, 132, 140]",高超声速武器;远程精确火力(lrpf)项目;全系统飞行试验;海军;高超声速导弹助推器;海/陆/空三军;滑翔飞行器,"发展高超声速武器是美陆军现代化高优先级任务--远程精确火力(lrpf)项目的一部分,美陆军计划从2020财年开始的未来五年内为lrhw项目投入12亿美元,预计在2023财年完成全系统飞行试验,此外,美陆军正在与海军合作研发高超声速导弹助推器,并开始建造海/陆/空三军通用的滑翔飞行器。"
